,index,���t,�n�l,���l,���l.1,�I�l,�o����,�������
0,0,2016-10-26,2760.0,2778.0,2755.0,2769.0,16800,46468700
1,1,2016-10-25,2780.0,2780.0,2765.0,2770.0,12200,33818500
2,2,2016-10-24,2749.0,2775.0,2749.0,2774.0,11600,32071700
3,3,2016-10-21,2768.0,2770.0,2745.0,2748.0,10800,29784000
4,4,2016-10-20,2780.0,2785.0,2768.0,2773.0,17700,49129700
5,5,2016-10-19,2770.0,2778.0,2753.0,2773.0,22800,63146400
6,6,2016-10-18,2756.0,2756.0,2737.0,2755.0,14100,38774900
7,7,2016-10-17,2749.0,2761.0,2734.0,2743.0,14700,40385000
8,8,2016-10-14,2730.0,2756.0,2730.0,2743.0,16000,43890700
9,9,2016-10-13,2712.0,2729.0,2710.0,2728.0,11200,30449300
10,10,2016-10-12,2710.0,2727.0,2710.0,2712.0,10100,27437300
11,11,2016-10-11,2711.0,2734.0,2710.0,2720.0,18200,49472400
12,12,2016-10-07,2756.0,2757.0,2707.0,2718.0,16500,45022600
13,13,2016-10-06,2765.0,2770.0,2754.0,2765.0,16600,45922200
14,14,2016-10-05,2767.0,2769.0,2760.0,2764.0,14900,41198200
15,15,2016-10-04,2751.0,2769.0,2751.0,2767.0,20400,56369000
16,16,2016-10-03,2750.0,2768.0,2745.0,2757.0,17700,48735500
17,17,2016-09-30,2747.0,2750.0,2725.0,2744.0,14100,38649100
18,18,2016-09-29,2738.0,2770.0,2738.0,2750.0,36300,99752700
19,19,2016-09-28,2740.0,2740.0,2716.0,2734.0,14400,39314700
20,20,2016-09-27,269.0,273.0,269.0,272.0,170000,46089000
21,21,2016-09-26,270.0,271.0,270.0,270.0,82000,22164000
22,22,2016-09-23,270.0,271.0,269.0,271.0,149000,40238000
23,23,2016-09-21,270.0,272.0,268.0,272.0,131000,35491000
24,24,2016-09-20,270.0,271.0,269.0,271.0,106000,28658000
25,25,2016-09-16,266.0,271.0,265.0,271.0,134000,36080000
26,26,2016-09-15,268.0,268.0,266.0,266.0,47000,12526000
27,27,2016-09-14,267.0,269.0,267.0,269.0,63000,16853000
28,28,2016-09-13,269.0,269.0,268.0,269.0,44000,11826000
29,29,2016-09-12,266.0,269.0,266.0,268.0,71000,18971000
30,30,2016-09-09,269.0,271.0,268.0,268.0,119000,32027000
31,31,2016-09-08,270.0,271.0,269.0,271.0,137000,37012000
32,32,2016-09-07,269.0,271.0,268.0,271.0,171000,46137000
33,33,2016-09-06,263.0,270.0,263.0,270.0,230000,61514000
34,34,2016-09-05,265.0,266.0,263.0,263.0,117000,30965000
35,35,2016-09-02,264.0,266.0,263.0,265.0,124000,32828000
36,36,2016-09-01,263.0,264.0,262.0,264.0,74000,19453000
37,37,2016-08-31,260.0,262.0,260.0,262.0,47000,12280000
38,38,2016-08-30,262.0,262.0,260.0,261.0,70000,18285000
39,39,2016-08-29,262.0,263.0,261.0,262.0,54000,14144000
40,40,2016-08-26,260.0,262.0,260.0,261.0,103000,26859000
41,41,2016-08-25,261.0,262.0,261.0,261.0,44000,11506000
42,42,2016-08-24,262.0,262.0,261.0,262.0,37000,9685000
43,43,2016-08-23,261.0,262.0,261.0,261.0,109000,28498000
44,44,2016-08-22,261.0,261.0,260.0,261.0,79000,20591000
45,45,2016-08-19,261.0,262.0,260.0,261.0,63000,16441000
46,46,2016-08-18,260.0,262.0,260.0,260.0,92000,23955000
47,47,2016-08-17,260.0,262.0,260.0,260.0,89000,23191000
48,48,2016-08-16,261.0,264.0,260.0,261.0,153000,40014000
49,49,2016-08-15,265.0,265.0,262.0,263.0,53000,13972000
50,50,2016-08-12,267.0,267.0,266.0,266.0,76000,20246000
51,51,2016-08-10,263.0,267.0,263.0,267.0,112000,29801000
52,52,2016-08-09,265.0,265.0,263.0,265.0,131000,34599000
53,53,2016-08-08,261.0,266.0,261.0,266.0,163000,42968000
54,54,2016-08-05,261.0,262.0,259.0,260.0,89000,23194000
55,55,2016-08-04,261.0,262.0,260.0,261.0,48000,12517000
56,56,2016-08-03,262.0,262.0,260.0,260.0,58000,15140000
57,57,2016-08-02,264.0,265.0,262.0,263.0,47000,12381000
58,58,2016-08-01,263.0,264.0,262.0,264.0,39000,10263000
59,59,2016-07-29,263.0,265.0,262.0,265.0,67000,17638000
60,60,2016-07-28,263.0,264.0,262.0,263.0,73000,19197000
61,61,2016-07-27,265.0,265.0,263.0,263.0,51000,13481000
62,62,2016-07-26,266.0,266.0,264.0,265.0,97000,25743000
63,63,2016-07-25,264.0,266.0,264.0,266.0,61000,16175000
64,64,2016-07-22,264.0,265.0,264.0,264.0,61000,16117000
65,65,2016-07-21,266.0,266.0,263.0,265.0,83000,21972000
66,66,2016-07-20,265.0,265.0,263.0,265.0,93000,24627000
67,67,2016-07-19,264.0,264.0,263.0,264.0,57000,15016000
68,68,2016-07-15,265.0,265.0,263.0,263.0,103000,27172000
69,69,2016-07-14,262.0,264.0,261.0,261.0,77000,20191000
70,70,2016-07-13,265.0,265.0,262.0,262.0,81000,21324000
71,71,2016-07-12,264.0,265.0,262.0,262.0,132000,34765000
72,72,2016-07-11,260.0,264.0,260.0,264.0,111000,29120000
73,73,2016-07-08,260.0,263.0,257.0,257.0,191000,49539000
74,74,2016-07-07,261.0,263.0,260.0,263.0,89000,23292000
75,75,2016-07-06,262.0,263.0,260.0,263.0,87000,22794000
76,76,2016-07-05,264.0,264.0,262.0,263.0,54000,14209000
77,77,2016-07-04,263.0,264.0,262.0,264.0,70000,18394000
78,78,2016-07-01,267.0,267.0,261.0,262.0,197000,51999000
79,79,2016-06-30,263.0,263.0,260.0,260.0,95000,24801000
80,80,2016-06-29,264.0,264.0,260.0,261.0,66000,17251000
81,81,2016-06-28,257.0,263.0,257.0,262.0,159000,41533000
82,82,2016-06-27,255.0,261.0,255.0,260.0,131000,33847000
83,83,2016-06-24,262.0,263.0,252.0,253.0,257000,65846000
84,84,2016-06-23,262.0,263.0,260.0,263.0,154000,40352000
85,85,2016-06-22,261.0,263.0,260.0,263.0,65000,17009000
86,86,2016-06-21,260.0,261.0,259.0,260.0,72000,18726000
87,87,2016-06-20,263.0,263.0,260.0,261.0,93000,24305000
88,88,2016-06-17,261.0,261.0,259.0,260.0,75000,19507000
89,89,2016-06-16,262.0,262.0,259.0,259.0,114000,29643000
90,90,2016-06-15,262.0,263.0,260.0,261.0,73000,19086000
91,91,2016-06-14,262.0,263.0,260.0,262.0,107000,27987000
92,92,2016-06-13,268.0,268.0,262.0,262.0,114000,30178000
93,93,2016-06-10,270.0,270.0,267.0,268.0,164000,44195000
94,94,2016-06-09,270.0,270.0,268.0,268.0,73000,19638000
95,95,2016-06-08,269.0,271.0,268.0,269.0,146000,39367000
96,96,2016-06-07,268.0,269.0,268.0,269.0,64000,17171000
97,97,2016-06-06,268.0,270.0,267.0,269.0,149000,39975000
98,98,2016-06-03,266.0,270.0,266.0,270.0,221000,59345000
99,99,2016-06-02,266.0,269.0,265.0,266.0,122000,32540000
100,100,2016-06-01,266.0,268.0,266.0,266.0,61000,16263000
101,101,2016-05-31,266.0,268.0,265.0,268.0,123000,32845000
102,102,2016-05-30,267.0,267.0,266.0,266.0,75000,19976000
103,103,2016-05-27,267.0,268.0,267.0,267.0,61000,16299000
104,104,2016-05-26,268.0,268.0,266.0,266.0,122000,32604000
105,105,2016-05-25,267.0,268.0,266.0,267.0,121000,32300000
106,106,2016-05-24,266.0,267.0,265.0,266.0,63000,16767000
107,107,2016-05-23,266.0,267.0,265.0,267.0,77000,20506000
108,108,2016-05-20,266.0,267.0,265.0,266.0,137000,36458000
109,109,2016-05-19,263.0,266.0,263.0,266.0,128000,33894000
110,110,2016-05-18,265.0,265.0,262.0,263.0,57000,15048000
111,111,2016-05-17,264.0,265.0,261.0,264.0,93000,24525000
112,112,2016-05-16,264.0,265.0,262.0,263.0,109000,28735000
113,113,2016-05-13,264.0,264.0,261.0,263.0,109000,28678000
114,114,2016-05-12,262.0,263.0,261.0,263.0,81000,21223000
115,115,2016-05-11,264.0,265.0,262.0,263.0,148000,39004000
116,116,2016-05-10,261.0,263.0,258.0,262.0,329000,85998000
117,117,2016-05-09,259.0,265.0,259.0,261.0,231000,60535000
118,118,2016-05-06,258.0,260.0,257.0,258.0,120000,31011000
119,119,2016-05-02,257.0,259.0,255.0,256.0,170000,43602000
120,120,2016-04-28,265.0,265.0,259.0,259.0,97000,25349000
121,121,2016-04-27,262.0,266.0,262.0,263.0,184000,48476000
122,122,2016-04-26,264.0,264.0,261.0,262.0,108000,28314000
123,123,2016-04-25,267.0,268.0,264.0,264.0,119000,31546000
124,124,2016-04-22,266.0,269.0,265.0,268.0,282000,75388000
125,125,2016-04-21,265.0,266.0,264.0,266.0,143000,37938000
126,126,2016-04-20,263.0,264.0,262.0,264.0,193000,50788000
127,127,2016-04-19,262.0,263.0,260.0,262.0,135000,35307000
128,128,2016-04-18,259.0,259.0,257.0,258.0,181000,46774000
129,129,2016-04-15,262.0,262.0,260.0,262.0,52000,13593000
130,130,2016-04-14,261.0,263.0,260.0,263.0,179000,46820000
131,131,2016-04-13,258.0,261.0,257.0,259.0,111000,28767000
132,132,2016-04-12,257.0,260.0,257.0,258.0,101000,26103000
133,133,2016-04-11,259.0,260.0,256.0,259.0,198000,51132000
134,134,2016-04-08,253.0,261.0,253.0,259.0,288000,74222000
135,135,2016-04-07,253.0,256.0,253.0,254.0,102000,25986000
136,136,2016-04-06,255.0,255.0,253.0,254.0,158000,40152000
137,137,2016-04-05,259.0,259.0,254.0,257.0,288000,73811000
138,138,2016-04-04,252.0,260.0,252.0,260.0,343000,88534000
139,139,2016-04-01,258.0,259.0,251.0,252.0,408000,103496000
140,140,2016-03-31,262.0,263.0,257.0,258.0,338000,87570000
141,141,2016-03-30,262.0,263.0,260.0,262.0,280000,73222000
142,142,2016-03-29,261.0,264.0,260.0,262.0,727000,190275000
143,143,2016-03-28,270.0,272.0,269.0,270.0,1561000,421658000
144,144,2016-03-25,272.0,273.0,270.0,270.0,489000,132781000
145,145,2016-03-24,272.0,274.0,272.0,272.0,342000,93141000
146,146,2016-03-23,274.0,274.0,272.0,272.0,287000,78390000
147,147,2016-03-22,271.0,275.0,271.0,274.0,310000,84535000
148,148,2016-03-18,272.0,273.0,270.0,270.0,295000,80025000
149,149,2016-03-17,275.0,276.0,272.0,272.0,243000,66672000
150,150,2016-03-16,275.0,277.0,275.0,275.0,209000,57670000
151,151,2016-03-15,275.0,276.0,274.0,275.0,221000,60731000
152,152,2016-03-14,275.0,276.0,274.0,274.0,211000,58022000
153,153,2016-03-11,271.0,274.0,270.0,274.0,265000,72069000
154,154,2016-03-10,270.0,272.0,270.0,271.0,154000,41752000
155,155,2016-03-09,270.0,272.0,269.0,270.0,161000,43488000
156,156,2016-03-08,270.0,272.0,270.0,271.0,109000,29524000
157,157,2016-03-07,271.0,272.0,269.0,271.0,197000,53348000
158,158,2016-03-04,270.0,271.0,269.0,271.0,232000,62595000
159,159,2016-03-03,270.0,273.0,270.0,272.0,141000,38282000
160,160,2016-03-02,268.0,270.0,267.0,270.0,156000,41910000
161,161,2016-03-01,262.0,267.0,262.0,266.0,210000,55582000
162,162,2016-02-29,265.0,265.0,262.0,262.0,209000,55194000
163,163,2016-02-26,261.0,264.0,260.0,262.0,124000,32546000
164,164,2016-02-25,258.0,261.0,258.0,261.0,152000,39442000
165,165,2016-02-24,256.0,259.0,255.0,257.0,197000,50715000
166,166,2016-02-23,264.0,264.0,256.0,256.0,321000,82972000
167,167,2016-02-22,260.0,262.0,260.0,262.0,123000,32130000
168,168,2016-02-19,258.0,260.0,257.0,260.0,137000,35434000
169,169,2016-02-18,257.0,260.0,257.0,258.0,257000,66315000
170,170,2016-02-17,256.0,258.0,255.0,257.0,191000,48974000
171,171,2016-02-16,260.0,260.0,256.0,256.0,249000,63953000
172,172,2016-02-15,256.0,261.0,255.0,260.0,272000,70075000
173,173,2016-02-12,255.0,256.0,250.0,251.0,402000,101642000
174,174,2016-02-10,261.0,261.0,256.0,257.0,244000,62970000
175,175,2016-02-09,260.0,262.0,258.0,260.0,189000,49128000
176,176,2016-02-08,265.0,265.0,259.0,264.0,286000,74845000
177,177,2016-02-05,270.0,270.0,261.0,265.0,240000,63634000
178,178,2016-02-04,274.0,274.0,269.0,270.0,200000,54135000
179,179,2016-02-03,271.0,274.0,270.0,273.0,138000,37544000
180,180,2016-02-02,273.0,276.0,272.0,275.0,81000,22243000
181,181,2016-02-01,274.0,277.0,273.0,275.0,227000,62315000
182,182,2016-01-29,266.0,273.0,266.0,273.0,246000,66386000
183,183,2016-01-28,263.0,267.0,263.0,266.0,119000,31634000
184,184,2016-01-27,262.0,265.0,262.0,264.0,131000,34523000
185,185,2016-01-26,260.0,260.0,258.0,258.0,112000,29025000
186,186,2016-01-25,261.0,262.0,259.0,262.0,183000,47727000
187,187,2016-01-22,255.0,258.0,251.0,257.0,313000,79615000
188,188,2016-01-21,254.0,259.0,252.0,252.0,259000,66036000
189,189,2016-01-20,262.0,262.0,255.0,255.0,400000,103468000
190,190,2016-01-19,263.0,264.0,260.0,260.0,140000,36643000
191,191,2016-01-18,262.0,263.0,261.0,263.0,173000,45276000
192,192,2016-01-15,265.0,266.0,263.0,265.0,114000,30182000
193,193,2016-01-14,265.0,265.0,262.0,263.0,297000,78215000
194,194,2016-01-13,268.0,271.0,267.0,269.0,204000,54942000
195,195,2016-01-12,270.0,273.0,264.0,264.0,275000,73478000
196,196,2016-01-08,270.0,274.0,269.0,270.0,262000,70979000
197,197,2016-01-07,274.0,276.0,271.0,271.0,314000,85831000
198,198,2016-01-06,276.0,277.0,274.0,276.0,150000,41383000
199,199,2016-01-05,275.0,278.0,275.0,276.0,201000,55516000
200,200,2016-01-04,280.0,282.0,274.0,275.0,320000,88904000
201,0,2015-12-30,274.0,278.0,274.0,277.0,282000,77804000
202,1,2015-12-29,270.0,274.0,269.0,274.0,425000,115673000
203,2,2015-12-28,270.0,270.0,264.0,270.0,237000,63496000
204,3,2015-12-25,270.0,270.0,263.0,263.0,320000,85222000
205,4,2015-12-24,265.0,275.0,264.0,267.0,1387000,374133000
206,5,2015-12-22,263.0,263.0,259.0,259.0,328000,85556000
207,6,2015-12-21,262.0,263.0,261.0,261.0,182000,47583000
208,7,2015-12-18,265.0,265.0,262.0,262.0,202000,53180000
209,8,2015-12-17,265.0,266.0,263.0,264.0,198000,52407000
210,9,2015-12-16,264.0,264.0,262.0,263.0,165000,43371000
211,10,2015-12-15,262.0,263.0,260.0,260.0,141000,36880000
212,11,2015-12-14,261.0,262.0,260.0,260.0,239000,62368000
213,12,2015-12-11,264.0,265.0,262.0,263.0,417000,109947000
214,13,2015-12-10,266.0,266.0,263.0,263.0,316000,83602000
215,14,2015-12-09,267.0,268.0,265.0,265.0,178000,47389000
216,15,2015-12-08,270.0,270.0,267.0,267.0,216000,58024000
217,16,2015-12-07,269.0,273.0,269.0,270.0,303000,81996000
218,17,2015-12-04,269.0,269.0,267.0,269.0,198000,53134000
219,18,2015-12-03,269.0,270.0,268.0,269.0,179000,48172000
220,19,2015-12-02,268.0,269.0,266.0,269.0,203000,54323000
221,20,2015-12-01,267.0,268.0,266.0,268.0,125000,33390000
222,21,2015-11-30,268.0,268.0,265.0,267.0,176000,46904000
223,22,2015-11-27,266.0,267.0,266.0,266.0,142000,37815000
224,23,2015-11-26,266.0,268.0,266.0,266.0,86000,22918000
225,24,2015-11-25,266.0,268.0,265.0,265.0,198000,52726000
226,25,2015-11-24,268.0,268.0,266.0,266.0,116000,30981000
227,26,2015-11-20,267.0,267.0,266.0,267.0,101000,26956000
228,27,2015-11-19,266.0,268.0,266.0,267.0,110000,29332000
229,28,2015-11-18,267.0,268.0,266.0,266.0,94000,25092000
230,29,2015-11-17,268.0,269.0,265.0,266.0,256000,68191000
231,30,2015-11-16,266.0,268.0,265.0,266.0,116000,30944000
232,31,2015-11-13,267.0,268.0,267.0,268.0,155000,41437000
233,32,2015-11-12,267.0,269.0,267.0,269.0,139000,37319000
234,33,2015-11-11,269.0,270.0,267.0,268.0,241000,64847000
235,34,2015-11-10,268.0,269.0,267.0,269.0,251000,67321000
236,35,2015-11-09,266.0,269.0,266.0,269.0,139000,37255000
237,36,2015-11-06,263.0,266.0,263.0,266.0,112000,29676000
238,37,2015-11-05,262.0,263.0,262.0,262.0,75000,19670000
239,38,2015-11-04,263.0,263.0,262.0,262.0,104000,27291000
240,39,2015-11-02,262.0,264.0,261.0,261.0,149000,39122000
241,40,2015-10-30,262.0,264.0,261.0,262.0,91000,23883000
242,41,2015-10-29,263.0,264.0,262.0,262.0,80000,21012000
243,42,2015-10-28,264.0,264.0,261.0,262.0,99000,26001000
244,43,2015-10-27,267.0,267.0,262.0,262.0,233000,61449000
245,44,2015-10-26,268.0,269.0,267.0,268.0,89000,23853000
246,45,2015-10-23,265.0,268.0,265.0,268.0,130000,34687000
247,46,2015-10-22,264.0,265.0,263.0,265.0,38000,10043000
248,47,2015-10-21,262.0,265.0,262.0,265.0,84000,22154000
249,48,2015-10-20,265.0,265.0,262.0,263.0,100000,26329000
250,49,2015-10-19,263.0,264.0,262.0,263.0,125000,32880000
251,50,2015-10-16,264.0,265.0,263.0,263.0,96000,25325000
252,51,2015-10-15,262.0,264.0,262.0,264.0,49000,12877000
253,52,2015-10-14,262.0,263.0,262.0,262.0,71000,18620000
254,53,2015-10-13,264.0,265.0,262.0,263.0,101000,26611000
255,54,2015-10-09,263.0,264.0,261.0,264.0,106000,27841000
256,55,2015-10-08,264.0,264.0,262.0,263.0,64000,16847000
257,56,2015-10-07,264.0,265.0,263.0,263.0,76000,20087000
258,57,2015-10-06,262.0,264.0,262.0,264.0,122000,32065000
259,58,2015-10-05,258.0,262.0,258.0,260.0,97000,25236000
260,59,2015-10-02,262.0,263.0,257.0,257.0,178000,46208000
261,60,2015-10-01,261.0,263.0,260.0,262.0,95000,24851000
262,61,2015-09-30,260.0,264.0,260.0,262.0,160000,41828000
263,62,2015-09-29,261.0,262.0,257.0,259.0,240000,62378000
264,63,2015-09-28,257.0,263.0,256.0,262.0,167000,43513000
265,64,2015-09-25,251.0,257.0,251.0,257.0,178000,45068000
266,65,2015-09-24,250.0,255.0,250.0,251.0,289000,72747000
267,66,2015-09-18,258.0,258.0,256.0,257.0,101000,25956000
268,67,2015-09-17,256.0,259.0,256.0,258.0,116000,29888000
269,68,2015-09-16,257.0,258.0,256.0,256.0,83000,21315000
270,69,2015-09-15,256.0,258.0,256.0,257.0,76000,19547000
271,70,2015-09-14,258.0,259.0,256.0,256.0,62000,15961000
272,71,2015-09-11,255.0,259.0,255.0,256.0,229000,58577000
273,72,2015-09-10,256.0,257.0,255.0,256.0,116000,29683000
274,73,2015-09-09,256.0,259.0,254.0,259.0,231000,59217000
275,74,2015-09-08,256.0,257.0,253.0,253.0,107000,27249000
276,75,2015-09-07,256.0,256.0,253.0,255.0,190000,48386000
277,76,2015-09-04,259.0,260.0,255.0,256.0,210000,53928000
278,77,2015-09-03,261.0,263.0,258.0,258.0,150000,39016000
279,78,2015-09-02,260.0,262.0,257.0,260.0,169000,43951000
280,79,2015-09-01,269.0,269.0,261.0,261.0,216000,56951000
281,80,2015-08-31,268.0,268.0,266.0,268.0,126000,33658000
282,81,2015-08-28,268.0,268.0,265.0,267.0,154000,41055000
283,82,2015-08-27,263.0,265.0,262.0,263.0,125000,32939000
284,83,2015-08-26,259.0,262.0,256.0,259.0,235000,60845000
285,84,2015-08-25,258.0,265.0,250.0,255.0,569000,146578000
286,85,2015-08-24,268.0,270.0,262.0,262.0,451000,119833000
287,86,2015-08-21,274.0,274.0,271.0,271.0,350000,95516000
288,87,2015-08-20,277.0,277.0,275.0,275.0,134000,36969000
289,88,2015-08-19,277.0,279.0,276.0,276.0,120000,33244000
290,89,2015-08-18,278.0,279.0,277.0,277.0,98000,27243000
291,90,2015-08-17,277.0,278.0,277.0,278.0,72000,19982000
292,91,2015-08-14,276.0,277.0,276.0,277.0,57000,15760000
293,92,2015-08-13,276.0,278.0,276.0,276.0,93000,25767000
294,93,2015-08-12,277.0,278.0,276.0,276.0,185000,51179000
295,94,2015-08-11,280.0,280.0,277.0,277.0,227000,63095000
296,95,2015-08-10,279.0,279.0,278.0,279.0,79000,22038000
297,96,2015-08-07,278.0,280.0,278.0,280.0,92000,25657000
298,97,2015-08-06,280.0,280.0,278.0,279.0,126000,35148000
299,98,2015-08-05,277.0,281.0,277.0,280.0,223000,62343000
300,99,2015-08-04,281.0,281.0,277.0,278.0,157000,43740000
301,100,2015-08-03,280.0,282.0,276.0,281.0,317000,88591000
302,101,2015-07-31,282.0,282.0,278.0,280.0,135000,37757000
303,102,2015-07-30,282.0,283.0,280.0,281.0,100000,28147000
304,103,2015-07-29,279.0,282.0,278.0,281.0,176000,49322000
305,104,2015-07-28,278.0,280.0,277.0,278.0,193000,53673000
306,105,2015-07-27,280.0,280.0,277.0,278.0,189000,52565000
307,106,2015-07-24,280.0,281.0,279.0,280.0,169000,47310000
308,107,2015-07-23,282.0,282.0,280.0,282.0,102000,28681000
309,108,2015-07-22,283.0,284.0,282.0,282.0,93000,26284000
310,109,2015-07-21,285.0,286.0,283.0,283.0,121000,34411000
311,110,2015-07-17,286.0,286.0,284.0,284.0,107000,30521000
312,111,2015-07-16,283.0,285.0,283.0,284.0,133000,37753000
313,112,2015-07-15,285.0,285.0,282.0,282.0,129000,36507000
314,113,2015-07-14,284.0,285.0,283.0,284.0,108000,30691000
315,114,2015-07-13,279.0,283.0,278.0,281.0,85000,23876000
316,115,2015-07-10,279.0,281.0,277.0,277.0,193000,53813000
317,116,2015-07-09,280.0,280.0,276.0,279.0,402000,111815000
318,117,2015-07-08,285.0,285.0,281.0,281.0,171000,48312000
319,118,2015-07-07,284.0,286.0,282.0,285.0,243000,69024000
320,119,2015-07-06,284.0,284.0,281.0,281.0,295000,83243000
321,120,2015-07-03,290.0,290.0,284.0,284.0,272000,77728000
322,121,2015-07-02,286.0,293.0,284.0,286.0,315000,90531000
323,122,2015-07-01,283.0,285.0,282.0,284.0,150000,42580000
324,123,2015-06-30,283.0,284.0,282.0,283.0,183000,51768000
325,124,2015-06-29,285.0,286.0,282.0,283.0,206000,58485000
326,125,2015-06-26,290.0,290.0,287.0,287.0,148000,42673000
327,126,2015-06-25,288.0,290.0,288.0,289.0,104000,30042000
328,127,2015-06-24,290.0,290.0,288.0,288.0,174000,50294000
329,128,2015-06-23,289.0,290.0,288.0,289.0,199000,57472000
330,129,2015-06-22,290.0,290.0,286.0,288.0,355000,102128000
331,130,2015-06-19,290.0,291.0,289.0,290.0,155000,44940000
332,131,2015-06-18,291.0,292.0,288.0,288.0,218000,63250000
333,132,2015-06-17,290.0,294.0,290.0,291.0,245000,71523000
334,133,2015-06-16,289.0,293.0,288.0,290.0,433000,125792000
335,134,2015-06-15,289.0,290.0,288.0,289.0,69000,19949000
336,135,2015-06-12,289.0,290.0,288.0,289.0,228000,65892000
337,136,2015-06-11,286.0,290.0,286.0,288.0,132000,38082000
338,137,2015-06-10,287.0,289.0,286.0,286.0,232000,66760000
339,138,2015-06-09,289.0,290.0,286.0,286.0,202000,58172000
340,139,2015-06-08,288.0,290.0,288.0,288.0,130000,37568000
341,140,2015-06-05,286.0,290.0,286.0,288.0,199000,57379000
342,141,2015-06-04,286.0,289.0,286.0,287.0,194000,55844000
343,142,2015-06-03,287.0,288.0,285.0,286.0,136000,38948000
344,143,2015-06-02,288.0,289.0,288.0,288.0,94000,27089000
345,144,2015-06-01,290.0,291.0,287.0,287.0,197000,56960000
346,145,2015-05-29,285.0,291.0,285.0,290.0,377000,108696000
347,146,2015-05-28,286.0,286.0,284.0,285.0,147000,41908000
348,147,2015-05-27,284.0,286.0,283.0,286.0,225000,64067000
349,148,2015-05-26,286.0,286.0,284.0,284.0,92000,26245000
350,149,2015-05-25,283.0,286.0,283.0,284.0,117000,33279000
351,150,2015-05-22,284.0,284.0,283.0,283.0,115000,32607000
352,151,2015-05-21,287.0,288.0,284.0,284.0,215000,61468000
353,152,2015-05-20,285.0,287.0,284.0,287.0,167000,47679000
354,153,2015-05-19,283.0,287.0,282.0,284.0,343000,97694000
355,154,2015-05-18,283.0,285.0,280.0,282.0,261000,73550000
356,155,2015-05-15,283.0,285.0,282.0,283.0,90000,25480000
357,156,2015-05-14,282.0,286.0,281.0,282.0,281000,79516000
358,157,2015-05-13,286.0,289.0,281.0,283.0,351000,100089000
359,158,2015-05-12,285.0,291.0,284.0,288.0,451000,129905000
360,159,2015-05-11,281.0,291.0,281.0,290.0,955000,275195000
361,160,2015-05-08,275.0,281.0,274.0,281.0,373000,103942000
362,161,2015-05-07,273.0,276.0,273.0,274.0,174000,47692000
363,162,2015-05-01,275.0,276.0,274.0,274.0,254000,69730000
364,163,2015-04-30,277.0,278.0,275.0,276.0,286000,79021000
365,164,2015-04-28,279.0,279.0,277.0,277.0,162000,45047000
366,165,2015-04-27,279.0,280.0,278.0,279.0,101000,28165000
367,166,2015-04-24,278.0,279.0,278.0,278.0,156000,43426000
368,167,2015-04-23,278.0,280.0,277.0,278.0,216000,60129000
369,168,2015-04-22,280.0,280.0,277.0,279.0,265000,73850000
370,169,2015-04-21,280.0,280.0,279.0,280.0,163000,45602000
371,170,2015-04-20,279.0,279.0,278.0,278.0,195000,54285000
372,171,2015-04-17,279.0,280.0,278.0,279.0,223000,62211000
373,172,2015-04-16,280.0,280.0,278.0,278.0,150000,41803000
374,173,2015-04-15,280.0,283.0,279.0,280.0,325000,91323000
375,174,2015-04-14,277.0,280.0,277.0,280.0,109000,30382000
376,175,2015-04-13,282.0,282.0,276.0,279.0,377000,105063000
377,176,2015-04-10,283.0,284.0,282.0,282.0,240000,67864000
378,177,2015-04-09,284.0,284.0,282.0,283.0,285000,80750000
379,178,2015-04-08,282.0,284.0,281.0,282.0,276000,77971000
380,179,2015-04-07,284.0,284.0,280.0,280.0,447000,125956000
381,180,2015-04-06,284.0,284.0,283.0,283.0,234000,66416000
382,181,2015-04-03,280.0,283.0,278.0,283.0,428000,120219000
383,182,2015-04-02,282.0,282.0,278.0,281.0,679000,190575000
384,183,2015-04-01,282.0,282.0,276.0,277.0,858000,238146000
385,184,2015-03-31,288.0,290.0,282.0,284.0,889000,254025000
386,185,2015-03-30,292.0,293.0,285.0,287.0,842000,242064000
387,186,2015-03-27,296.0,298.0,292.0,294.0,1571000,463421000
388,187,2015-03-26,301.0,302.0,299.0,299.0,1709000,514095000
389,188,2015-03-25,301.0,303.0,301.0,303.0,648000,195492000
390,189,2015-03-24,303.0,304.0,301.0,302.0,537000,162352000
391,190,2015-03-23,301.0,303.0,300.0,303.0,428000,129098000
392,191,2015-03-20,300.0,301.0,300.0,300.0,410000,123119000
393,192,2015-03-19,303.0,303.0,300.0,301.0,548000,165158000
394,193,2015-03-18,303.0,303.0,302.0,303.0,326000,98694000
395,194,2015-03-17,303.0,305.0,303.0,303.0,552000,167771000
396,195,2015-03-16,302.0,303.0,301.0,302.0,271000,81911000
397,196,2015-03-13,302.0,303.0,300.0,301.0,689000,207678000
398,197,2015-03-12,299.0,304.0,299.0,303.0,468000,141304000
399,198,2015-03-11,298.0,300.0,297.0,299.0,411000,122685000
400,199,2015-03-10,301.0,302.0,299.0,299.0,375000,112776000
401,200,2015-03-09,300.0,302.0,300.0,302.0,241000,72567000
402,201,2015-03-06,298.0,300.0,298.0,300.0,316000,94576000
403,202,2015-03-05,300.0,300.0,298.0,298.0,372000,111345000
404,203,2015-03-04,300.0,301.0,299.0,300.0,388000,116373000
405,204,2015-03-03,301.0,301.0,300.0,301.0,256000,76973000
406,205,2015-03-02,299.0,302.0,299.0,301.0,576000,173163000
407,206,2015-02-27,298.0,300.0,297.0,299.0,601000,179505000
408,207,2015-02-26,297.0,300.0,297.0,298.0,665000,198175000
409,208,2015-02-25,295.0,297.0,295.0,296.0,439000,129909000
410,209,2015-02-24,293.0,295.0,293.0,294.0,471000,138515000
411,210,2015-02-23,293.0,294.0,291.0,293.0,329000,96354000
412,211,2015-02-20,293.0,293.0,291.0,292.0,372000,108716000
413,212,2015-02-19,291.0,293.0,290.0,292.0,519000,151258000
414,213,2015-02-18,288.0,292.0,287.0,289.0,588000,170570000
415,214,2015-02-17,285.0,289.0,285.0,287.0,405000,116101000
416,215,2015-02-16,285.0,288.0,284.0,285.0,509000,145490000
417,216,2015-02-13,282.0,284.0,282.0,284.0,366000,103568000
418,217,2015-02-12,281.0,283.0,281.0,282.0,269000,75892000
419,218,2015-02-10,280.0,281.0,279.0,281.0,202000,56528000
420,219,2015-02-09,279.0,280.0,278.0,280.0,179000,50012000
421,220,2015-02-06,279.0,280.0,277.0,278.0,210000,58460000
422,221,2015-02-05,276.0,279.0,276.0,279.0,211000,58628000
423,222,2015-02-04,276.0,279.0,275.0,275.0,383000,105847000
424,223,2015-02-03,277.0,277.0,275.0,275.0,223000,61487000
425,224,2015-02-02,280.0,280.0,275.0,275.0,257000,71150000
426,225,2015-01-30,280.0,281.0,277.0,277.0,258000,71866000
427,226,2015-01-29,279.0,283.0,278.0,279.0,694000,194414000
428,227,2015-01-28,277.0,279.0,277.0,279.0,415000,115453000
429,228,2015-01-27,276.0,278.0,275.0,278.0,301000,83052000
430,229,2015-01-26,276.0,276.0,274.0,276.0,138000,37985000
431,230,2015-01-23,275.0,276.0,273.0,276.0,244000,66948000
432,231,2015-01-22,275.0,275.0,273.0,275.0,149000,40838000
433,232,2015-01-21,276.0,276.0,273.0,274.0,141000,38712000
434,233,2015-01-20,275.0,276.0,274.0,276.0,217000,59673000
435,234,2015-01-19,274.0,275.0,272.0,274.0,231000,63267000
436,235,2015-01-16,275.0,275.0,272.0,273.0,235000,64177000
437,236,2015-01-15,274.0,276.0,274.0,275.0,139000,38240000
438,237,2015-01-14,271.0,276.0,271.0,274.0,368000,100914000
439,238,2015-01-13,274.0,274.0,271.0,273.0,243000,66309000
440,239,2015-01-09,273.0,275.0,270.0,275.0,418000,113984000
441,240,2015-01-08,272.0,274.0,271.0,273.0,175000,47741000
442,241,2015-01-07,270.0,273.0,270.0,271.0,217000,58923000
443,242,2015-01-06,274.0,275.0,270.0,272.0,480000,131129000
444,243,2015-01-05,275.0,277.0,274.0,275.0,239000,65863000
445,0,2014-12-30,275.0,288.0,274.0,275.0,1424000,396010000
446,1,2014-12-29,273.0,275.0,272.0,274.0,256000,69995000
447,2,2014-12-26,272.0,273.0,271.0,273.0,105000,28587000
448,3,2014-12-25,272.0,273.0,270.0,273.0,227000,61614000
449,4,2014-12-24,272.0,273.0,272.0,273.0,193000,52576000
450,5,2014-12-22,270.0,272.0,268.0,272.0,174000,47019000
451,6,2014-12-19,267.0,269.0,266.0,269.0,290000,77547000
452,7,2014-12-18,266.0,269.0,265.0,267.0,223000,59542000
453,8,2014-12-17,265.0,267.0,263.0,264.0,393000,104362000
454,9,2014-12-16,270.0,274.0,266.0,266.0,521000,140226000
455,10,2014-12-15,272.0,274.0,270.0,270.0,342000,93024000
456,11,2014-12-12,272.0,275.0,272.0,273.0,442000,120825000
457,12,2014-12-11,269.0,272.0,268.0,271.0,236000,63881000
458,13,2014-12-10,272.0,273.0,270.0,270.0,429000,116438000
459,14,2014-12-09,272.0,274.0,271.0,273.0,236000,64371000
460,15,2014-12-08,273.0,274.0,270.0,273.0,415000,112752000
461,16,2014-12-05,271.0,273.0,271.0,273.0,366000,99584000
462,17,2014-12-04,273.0,274.0,270.0,272.0,417000,113263000
463,18,2014-12-03,271.0,273.0,270.0,273.0,359000,97634000
464,19,2014-12-02,272.0,273.0,269.0,272.0,602000,162782000
465,20,2014-12-01,275.0,276.0,271.0,272.0,622000,169939000
466,21,2014-11-28,270.0,273.0,268.0,273.0,630000,170783000
467,22,2014-11-27,268.0,269.0,265.0,267.0,408000,108971000
468,23,2014-11-26,268.0,271.0,267.0,267.0,1113000,299651000
469,24,2014-11-25,263.0,269.0,262.0,267.0,815000,216586000
470,25,2014-11-21,261.0,264.0,260.0,262.0,280000,73343000
471,26,2014-11-20,262.0,262.0,260.0,260.0,317000,82692000
472,27,2014-11-19,264.0,265.0,259.0,260.0,418000,109079000
473,28,2014-11-18,262.0,265.0,262.0,264.0,334000,87939000
474,29,2014-11-17,263.0,263.0,260.0,261.0,217000,56852000
475,30,2014-11-14,263.0,263.0,261.0,263.0,306000,80290000
476,31,2014-11-13,258.0,262.0,258.0,262.0,235000,61229000
477,32,2014-11-12,261.0,261.0,258.0,258.0,227000,58985000
478,33,2014-11-11,259.0,261.0,258.0,261.0,315000,81818000
479,34,2014-11-10,260.0,260.0,258.0,260.0,175000,45384000
480,35,2014-11-07,259.0,261.0,259.0,261.0,160000,41612000
481,36,2014-11-06,261.0,262.0,258.0,258.0,173000,45027000
482,37,2014-11-05,259.0,262.0,257.0,260.0,325000,84381000
483,38,2014-11-04,263.0,263.0,258.0,259.0,310000,80729000
484,39,2014-10-31,259.0,260.0,257.0,260.0,292000,75588000
485,40,2014-10-30,258.0,260.0,256.0,257.0,352000,90708000
486,41,2014-10-29,258.0,259.0,256.0,259.0,271000,69943000
487,42,2014-10-28,251.0,258.0,251.0,257.0,508000,129615000
488,43,2014-10-27,248.0,251.0,248.0,249.0,139000,34657000
489,44,2014-10-24,250.0,250.0,247.0,248.0,130000,32260000
490,45,2014-10-23,247.0,249.0,246.0,248.0,119000,29483000
491,46,2014-10-22,246.0,247.0,245.0,247.0,141000,34708000
492,47,2014-10-21,247.0,247.0,242.0,243.0,355000,86880000
493,48,2014-10-20,245.0,249.0,244.0,248.0,255000,62939000
494,49,2014-10-17,242.0,243.0,239.0,239.0,345000,83027000
495,50,2014-10-16,248.0,249.0,236.0,239.0,698000,169622000
496,51,2014-10-15,249.0,250.0,248.0,250.0,190000,47307000
497,52,2014-10-14,250.0,251.0,248.0,248.0,527000,131293000
498,53,2014-10-10,252.0,253.0,251.0,251.0,234000,58984000
499,54,2014-10-09,257.0,257.0,254.0,254.0,158000,40356000
500,55,2014-10-08,257.0,258.0,255.0,256.0,303000,77785000
501,56,2014-10-07,256.0,259.0,256.0,257.0,178000,45829000
502,57,2014-10-06,257.0,258.0,256.0,257.0,154000,39538000
503,58,2014-10-03,255.0,257.0,255.0,255.0,212000,54234000
504,59,2014-10-02,259.0,260.0,256.0,256.0,258000,66488000
505,60,2014-10-01,260.0,263.0,260.0,260.0,314000,82072000
506,61,2014-09-30,264.0,264.0,260.0,260.0,239000,62473000
507,62,2014-09-29,265.0,265.0,263.0,263.0,453000,119612000
508,63,2014-09-26,264.0,266.0,261.0,262.0,1177000,309690000
509,64,2014-09-25,256.0,256.0,254.0,256.0,188000,47999000
510,65,2014-09-24,253.0,255.0,253.0,255.0,199000,50572000
511,66,2014-09-22,257.0,257.0,253.0,254.0,296000,75423000
512,67,2014-09-19,257.0,259.0,256.0,256.0,374000,96145000
513,68,2014-09-18,258.0,258.0,256.0,256.0,290000,74685000
514,69,2014-09-17,255.0,256.0,255.0,255.0,191000,48754000
515,70,2014-09-16,254.0,256.0,253.0,256.0,409000,104126000
516,71,2014-09-12,253.0,254.0,252.0,253.0,246000,62250000
517,72,2014-09-11,255.0,255.0,253.0,254.0,78000,19805000
518,73,2014-09-10,252.0,254.0,252.0,253.0,142000,35912000
519,74,2014-09-09,254.0,254.0,253.0,253.0,68000,17232000
520,75,2014-09-08,253.0,254.0,253.0,254.0,182000,46086000
521,76,2014-09-05,252.0,253.0,252.0,253.0,130000,32775000
522,77,2014-09-04,254.0,254.0,252.0,252.0,131000,33097000
523,78,2014-09-03,255.0,255.0,253.0,254.0,139000,35297000
524,79,2014-09-02,253.0,254.0,252.0,254.0,105000,26618000
525,80,2014-09-01,253.0,253.0,252.0,253.0,124000,31329000
526,81,2014-08-29,253.0,253.0,252.0,253.0,178000,44936000
527,82,2014-08-28,253.0,254.0,252.0,253.0,188000,47541000
528,83,2014-08-27,253.0,254.0,253.0,254.0,105000,26604000
529,84,2014-08-26,253.0,254.0,253.0,254.0,98000,24819000
530,85,2014-08-25,253.0,254.0,253.0,254.0,109000,27665000
531,86,2014-08-22,254.0,254.0,252.0,254.0,217000,54979000
532,87,2014-08-21,253.0,254.0,253.0,254.0,158000,40068000
533,88,2014-08-20,255.0,255.0,252.0,253.0,179000,45383000
534,89,2014-08-19,256.0,256.0,253.0,254.0,160000,40717000
535,90,2014-08-18,253.0,255.0,252.0,253.0,153000,38734000
536,91,2014-08-15,253.0,253.0,251.0,252.0,188000,47348000
537,92,2014-08-14,254.0,254.0,253.0,254.0,111000,28133000
538,93,2014-08-13,253.0,253.0,252.0,253.0,92000,23228000
539,94,2014-08-12,253.0,253.0,252.0,253.0,107000,27039000
540,95,2014-08-11,252.0,252.0,251.0,252.0,167000,41964000
541,96,2014-08-08,252.0,252.0,250.0,250.0,254000,63737000
542,97,2014-08-07,251.0,252.0,250.0,252.0,445000,111615000
543,98,2014-08-06,255.0,256.0,251.0,251.0,445000,112666000
544,99,2014-08-05,258.0,259.0,255.0,255.0,416000,106615000
545,100,2014-08-04,259.0,259.0,257.0,257.0,121000,31171000
546,101,2014-08-01,257.0,259.0,257.0,258.0,159000,41029000
547,102,2014-07-31,261.0,261.0,258.0,258.0,183000,47317000
548,103,2014-07-30,260.0,261.0,259.0,260.0,113000,29341000
549,104,2014-07-29,260.0,261.0,258.0,260.0,219000,56897000
550,105,2014-07-28,264.0,264.0,258.0,260.0,409000,106812000
551,106,2014-07-25,264.0,264.0,262.0,263.0,116000,30568000
552,107,2014-07-24,267.0,267.0,262.0,262.0,599000,158434000
553,108,2014-07-23,263.0,269.0,263.0,266.0,1285000,341652000
554,109,2014-07-22,259.0,263.0,258.0,263.0,335000,87605000
555,110,2014-07-18,258.0,259.0,257.0,259.0,205000,52914000
556,111,2014-07-17,259.0,261.0,259.0,260.0,93000,24163000
557,112,2014-07-16,261.0,261.0,259.0,260.0,154000,40039000
558,113,2014-07-15,260.0,261.0,259.0,260.0,136000,35386000
559,114,2014-07-14,259.0,260.0,257.0,259.0,99000,25612000
560,115,2014-07-11,258.0,260.0,258.0,258.0,158000,40810000
561,116,2014-07-10,260.0,261.0,258.0,259.0,187000,48477000
562,117,2014-07-09,260.0,261.0,259.0,261.0,123000,31969000
563,118,2014-07-08,259.0,261.0,259.0,261.0,127000,33007000
564,119,2014-07-07,259.0,260.0,259.0,259.0,46000,11923000
565,120,2014-07-04,262.0,262.0,258.0,259.0,217000,56484000
566,121,2014-07-03,258.0,260.0,258.0,259.0,144000,37263000
567,122,2014-07-02,260.0,261.0,258.0,258.0,208000,53901000
568,123,2014-07-01,260.0,261.0,259.0,259.0,142000,36861000
569,124,2014-06-30,257.0,260.0,257.0,260.0,126000,32535000
570,125,2014-06-27,261.0,261.0,256.0,256.0,227000,58463000
571,126,2014-06-26,260.0,261.0,259.0,259.0,74000,19211000
572,127,2014-06-25,262.0,263.0,260.0,260.0,230000,60150000
573,128,2014-06-24,257.0,262.0,257.0,261.0,293000,76053000
574,129,2014-06-23,256.0,258.0,256.0,257.0,120000,30826000
575,130,2014-06-20,259.0,261.0,256.0,256.0,327000,84460000
576,131,2014-06-19,260.0,260.0,258.0,260.0,201000,52128000
577,132,2014-06-18,260.0,260.0,257.0,258.0,98000,25311000
578,133,2014-06-17,258.0,260.0,257.0,257.0,209000,53983000
579,134,2014-06-16,258.0,259.0,257.0,258.0,92000,23755000
580,135,2014-06-13,255.0,258.0,255.0,257.0,294000,75189000
581,136,2014-06-12,256.0,258.0,256.0,256.0,173000,44399000
582,137,2014-06-11,254.0,257.0,254.0,256.0,378000,96591000
583,138,2014-06-10,261.0,262.0,259.0,259.0,194000,50526000
584,139,2014-06-09,262.0,263.0,261.0,261.0,193000,50588000
585,140,2014-06-06,261.0,262.0,260.0,262.0,163000,42565000
586,141,2014-06-05,264.0,264.0,260.0,261.0,300000,78703000
587,142,2014-06-04,261.0,262.0,260.0,262.0,124000,32383000
588,143,2014-06-03,261.0,262.0,260.0,262.0,148000,38645000
589,144,2014-06-02,259.0,261.0,259.0,261.0,109000,28346000
590,145,2014-05-30,260.0,261.0,258.0,259.0,147000,38174000
591,146,2014-05-29,259.0,262.0,257.0,259.0,244000,63419000
592,147,2014-05-28,259.0,259.0,258.0,259.0,79000,20430000
593,148,2014-05-27,258.0,260.0,258.0,259.0,101000,26135000
594,149,2014-05-26,256.0,259.0,255.0,259.0,162000,41707000
595,150,2014-05-23,256.0,256.0,255.0,256.0,84000,21475000
596,151,2014-05-22,252.0,255.0,252.0,255.0,95000,24087000
597,152,2014-05-21,251.0,252.0,250.0,251.0,128000,32143000
598,153,2014-05-20,252.0,253.0,251.0,253.0,195000,49164000
599,154,2014-05-19,254.0,255.0,251.0,252.0,168000,42519000
600,155,2014-05-16,256.0,256.0,254.0,254.0,241000,61443000
601,156,2014-05-15,257.0,257.0,256.0,257.0,64000,16428000
602,157,2014-05-14,256.0,257.0,256.0,256.0,88000,22550000
603,158,2014-05-13,257.0,258.0,256.0,256.0,185000,47518000
604,159,2014-05-12,260.0,261.0,256.0,256.0,182000,47036000
605,160,2014-05-09,262.0,263.0,260.0,261.0,210000,54950000
606,161,2014-05-08,262.0,264.0,261.0,261.0,149000,39091000
607,162,2014-05-07,262.0,262.0,260.0,260.0,188000,49118000
608,163,2014-05-02,264.0,264.0,262.0,264.0,120000,31618000
609,164,2014-05-01,263.0,266.0,263.0,266.0,230000,60882000
610,165,2014-04-30,264.0,265.0,263.0,264.0,181000,47845000
611,166,2014-04-28,263.0,265.0,261.0,265.0,118000,31015000
612,167,2014-04-25,263.0,265.0,262.0,265.0,183000,48225000
613,168,2014-04-24,263.0,264.0,263.0,264.0,154000,40525000
614,169,2014-04-23,261.0,263.0,261.0,263.0,170000,44518000
615,170,2014-04-22,263.0,264.0,262.0,262.0,85000,22327000
616,171,2014-04-21,263.0,264.0,262.0,263.0,159000,41772000
617,172,2014-04-18,262.0,263.0,261.0,263.0,144000,37748000
618,173,2014-04-17,262.0,263.0,258.0,261.0,395000,102830000
619,174,2014-04-16,259.0,262.0,259.0,261.0,189000,49255000
620,175,2014-04-15,258.0,260.0,258.0,259.0,182000,47074000
621,176,2014-04-14,254.0,259.0,254.0,256.0,140000,35821000
622,177,2014-04-11,255.0,259.0,255.0,256.0,263000,67453000
623,178,2014-04-10,258.0,261.0,257.0,258.0,212000,54862000
624,179,2014-04-09,260.0,260.0,256.0,256.0,284000,73287000
625,180,2014-04-08,260.0,263.0,259.0,261.0,356000,92977000
626,181,2014-04-07,262.0,262.0,260.0,260.0,177000,46169000
627,182,2014-04-04,263.0,265.0,262.0,263.0,234000,61675000
628,183,2014-04-03,262.0,264.0,261.0,264.0,223000,58555000
629,184,2014-04-02,261.0,265.0,261.0,262.0,386000,101459000
630,185,2014-04-01,261.0,263.0,261.0,263.0,218000,57115000
631,186,2014-03-31,263.0,264.0,261.0,262.0,255000,66957000
632,187,2014-03-28,260.0,264.0,260.0,264.0,325000,85285000
633,188,2014-03-27,256.0,265.0,255.0,264.0,988000,257247000
634,189,2014-03-26,269.0,270.0,266.0,266.0,1780000,477411000
635,190,2014-03-25,271.0,272.0,269.0,270.0,751000,203235000
636,191,2014-03-24,267.0,271.0,266.0,269.0,589000,158352000
637,192,2014-03-20,267.0,268.0,265.0,265.0,367000,97663000
638,193,2014-03-19,267.0,269.0,266.0,267.0,267000,71375000
639,194,2014-03-18,267.0,268.0,266.0,267.0,286000,76341000
640,195,2014-03-17,267.0,267.0,264.0,265.0,423000,112362000
641,196,2014-03-14,268.0,269.0,266.0,266.0,605000,161945000
642,197,2014-03-13,271.0,273.0,269.0,269.0,426000,115248000
643,198,2014-03-12,271.0,273.0,270.0,271.0,507000,137726000
644,199,2014-03-11,272.0,273.0,270.0,271.0,509000,138269000
645,200,2014-03-10,272.0,273.0,270.0,272.0,356000,96574000
646,201,2014-03-07,270.0,271.0,269.0,271.0,203000,54839000
647,202,2014-03-06,270.0,270.0,268.0,269.0,317000,85381000
648,203,2014-03-05,270.0,270.0,268.0,270.0,193000,51958000
649,204,2014-03-04,266.0,269.0,266.0,269.0,292000,78070000
650,205,2014-03-03,266.0,269.0,264.0,269.0,492000,130913000
651,206,2014-02-28,270.0,271.0,265.0,267.0,477000,127810000
652,207,2014-02-27,271.0,272.0,269.0,269.0,298000,80592000
653,208,2014-02-26,271.0,272.0,270.0,270.0,240000,65029000
654,209,2014-02-25,273.0,274.0,270.0,271.0,522000,141566000
655,210,2014-02-24,270.0,273.0,269.0,273.0,422000,114271000
656,211,2014-02-21,270.0,271.0,268.0,271.0,381000,102744000
657,212,2014-02-20,268.0,271.0,267.0,268.0,680000,183219000
658,213,2014-02-19,268.0,269.0,266.0,267.0,256000,68413000
659,214,2014-02-18,266.0,268.0,264.0,267.0,287000,76492000
660,215,2014-02-17,265.0,267.0,261.0,266.0,253000,66820000
661,216,2014-02-14,267.0,268.0,262.0,263.0,487000,128922000
662,217,2014-02-13,270.0,271.0,266.0,266.0,573000,153374000
663,218,2014-02-12,270.0,272.0,268.0,271.0,610000,164747000
664,219,2014-02-10,268.0,269.0,266.0,269.0,485000,129734000
665,220,2014-02-07,263.0,269.0,260.0,267.0,945000,250333000
666,221,2014-02-06,258.0,263.0,258.0,259.0,810000,210906000
667,222,2014-02-05,254.0,258.0,252.0,254.0,838000,213618000
668,223,2014-02-04,258.0,259.0,252.0,254.0,1117000,285949000
669,224,2014-02-03,265.0,268.0,262.0,262.0,498000,131820000
670,225,2014-01-31,268.0,269.0,265.0,267.0,389000,103808000
671,226,2014-01-30,268.0,268.0,266.0,266.0,307000,81924000
672,227,2014-01-29,268.0,270.0,267.0,270.0,204000,54858000
673,228,2014-01-28,268.0,269.0,266.0,266.0,361000,96413000
674,229,2014-01-27,267.0,269.0,266.0,266.0,555000,148041000
675,230,2014-01-24,269.0,271.0,269.0,269.0,418000,112745000
676,231,2014-01-23,275.0,275.0,271.0,271.0,368000,100278000
677,232,2014-01-22,273.0,275.0,272.0,274.0,490000,133909000
678,233,2014-01-21,271.0,274.0,270.0,273.0,826000,225117000
679,234,2014-01-20,270.0,271.0,269.0,270.0,519000,140073000
680,235,2014-01-17,268.0,270.0,268.0,269.0,391000,105040000
681,236,2014-01-16,269.0,270.0,268.0,268.0,291000,78207000
682,237,2014-01-15,269.0,269.0,266.0,268.0,361000,96636000
683,238,2014-01-14,266.0,268.0,265.0,266.0,361000,96292000
684,239,2014-01-10,266.0,268.0,265.0,267.0,453000,120786000
685,240,2014-01-09,270.0,270.0,267.0,268.0,311000,83374000
686,241,2014-01-08,268.0,270.0,268.0,270.0,388000,104257000
687,242,2014-01-07,271.0,272.0,267.0,268.0,470000,126764000
688,243,2014-01-06,268.0,271.0,267.0,271.0,550000,147896000
